model,sample_id,prediction,ground_truth,correct,distance
VGG-Face,0,1,1,True,0.34136729434754354
VGG-Face,1,1,1,True,0.47132653424420123
VGG-Face,2,1,1,True,0.4634061316857918
VGG-Face,3,1,1,True,0.5162742158906038
VGG-Face,4,1,1,True,0.2487890016593488
VGG-Face,5,1,1,True,0.4082583740589114
VGG-Face,6,1,1,True,0.520174839775562
VGG-Face,7,1,1,True,0.5690349770605923
VGG-Face,8,1,1,True,0.3443507848779822
VGG-Face,9,1,1,True,0.6182768518538253
VGG-Face,10,1,1,True,0.5846407874869459
VGG-Face,11,1,1,True,0.4989638675680016
VGG-Face,12,1,1,True,0.20399739458493316
VGG-Face,13,1,1,True,0.5246126895091768
VGG-Face,14,1,1,True,0.4320002221309308
VGG-Face,15,1,1,True,0.3627665192499997
VGG-Face,16,1,1,True,0.5882119519257543
VGG-Face,17,1,1,True,0.4790144450268966
VGG-Face,18,1,1,True,0.21134619040045322
VGG-Face,19,1,1,True,0.3389401678950298
VGG-Face,20,1,1,True,0.21713522882933156
VGG-Face,21,1,1,True,0.2489808031743721
VGG-Face,22,1,1,True,0.5360009004327883
VGG-Face,23,1,1,True,0.3737497002774628
VGG-Face,24,1,1,True,0.16359235711671993
VGG-Face,25,1,1,True,0.2869024880539425
VGG-Face,26,0,1,False,0.7850045963199328
VGG-Face,27,1,1,True,0.6490742223922803
VGG-Face,28,1,1,True,0.5268482316274625
VGG-Face,29,1,1,True,0.4990343325528679
VGG-Face,30,1,1,True,0.5427367968114776
VGG-Face,31,1,1,True,0.4600045592163894
VGG-Face,32,1,1,True,0.5757265608686782
VGG-Face,33,1,1,True,0.26268517404547775
VGG-Face,34,1,1,True,0.49121731591184437
VGG-Face,35,0,1,False,0.8038145874786711
VGG-Face,36,1,1,True,0.6666570810615098
VGG-Face,37,1,1,True,0.6314408706996426
VGG-Face,38,1,1,True,0.46839459537362094
VGG-Face,39,0,1,False,0.8279487707679162
VGG-Face,40,0,1,False,0.843357742419446
VGG-Face,41,1,1,True,0.24993640223484537
VGG-Face,42,1,1,True,0.30359994541927127
VGG-Face,43,1,1,True,0.43866367264907413
VGG-Face,44,1,1,True,0.4389874384392579
VGG-Face,45,0,1,False,0.9122022349331066
VGG-Face,46,1,1,True,0.6502514815508553
VGG-Face,47,1,1,True,0.48113049247385
VGG-Face,48,1,1,True,0.5857657689686953
VGG-Face,49,1,1,True,0.4871805544727781
VGG-Face,50,0,0,True,0.9285251281846684
VGG-Face,51,0,0,True,0.9753869226374816
VGG-Face,52,0,0,True,0.8225255162843346
VGG-Face,53,0,0,True,0.9464745534260839
VGG-Face,54,0,0,True,0.9805977155020373
VGG-Face,55,0,0,True,0.9409407420319746
VGG-Face,56,0,0,True,0.9868600422478957
VGG-Face,57,0,0,True,0.9684976968549931
VGG-Face,58,0,0,True,0.9232880660787391
VGG-Face,59,0,0,True,0.8845491828255226
VGG-Face,60,0,0,True,0.9037062411028216
VGG-Face,61,0,0,True,0.9492362500586675
VGG-Face,62,0,0,True,0.7330459111828729
VGG-Face,63,0,0,True,0.9262535365722766
VGG-Face,64,0,0,True,0.8624094516452881
VGG-Face,65,0,0,True,0.9220875965907406
VGG-Face,66,0,0,True,0.9334084576883748
VGG-Face,67,0,0,True,0.9128187691410837
VGG-Face,68,0,0,True,0.9154240128970441
VGG-Face,69,0,0,True,0.940566029110368
VGG-Face,70,0,0,True,0.8104826765378816
VGG-Face,71,0,0,True,0.9100684343815736
VGG-Face,72,0,0,True,0.9120010744008876
VGG-Face,73,0,0,True,0.8203346073528641
VGG-Face,74,0,0,True,0.951845407287327
VGG-Face,75,0,0,True,0.8054723688479188
VGG-Face,76,0,0,True,0.8999912740463984
VGG-Face,77,0,0,True,0.8531984255542913
VGG-Face,78,0,0,True,0.9083814525498771
VGG-Face,79,0,0,True,0.9549901759251398
VGG-Face,80,0,0,True,0.8415577021625014
VGG-Face,81,0,0,True,0.9445513583391819
VGG-Face,82,0,0,True,0.9211059891418334
VGG-Face,83,0,0,True,0.869772197529204
VGG-Face,84,0,0,True,0.9373201805920288
VGG-Face,85,0,0,True,0.9312300772894359
VGG-Face,86,0,0,True,0.9326624669656831
VGG-Face,87,0,0,True,0.7678782760807935
VGG-Face,88,0,0,True,0.8865961506145573
VGG-Face,89,0,0,True,0.8532585647178919
VGG-Face,90,0,0,True,0.9393173360830077
VGG-Face,91,0,0,True,0.773993034706339
VGG-Face,92,0,0,True,0.7257195412369652
VGG-Face,93,0,0,True,0.8584710714687738
VGG-Face,94,0,0,True,0.9092021395462997
VGG-Face,95,0,0,True,0.9674913770095477
VGG-Face,96,0,0,True,0.8926176535886146
VGG-Face,97,0,0,True,0.8570538577451816
VGG-Face,98,0,0,True,0.9325055364671282
VGG-Face,99,0,0,True,0.9766939033436792
Facenet,0,1,1,True,0.1446603749510068
Facenet,1,1,1,True,0.15044379850364265
Facenet,2,1,1,True,0.29799604008562086
Facenet,3,1,1,True,0.3080854475040249
Facenet,4,1,1,True,0.055305394507999206
Facenet,5,0,1,False,0.5203542443112298
Facenet,6,0,1,False,0.6709231107765212
Facenet,7,0,1,False,0.6093807545834173
Facenet,8,1,1,True,0.18880651555949424
Facenet,9,1,1,True,0.2978035705188733
Facenet,10,1,1,True,0.3825474247753492
Facenet,11,0,1,False,0.47152746185546457
Facenet,12,1,1,True,0.1490096787084585
Facenet,13,1,1,True,0.2686747456030858
Facenet,14,1,1,True,0.1792829674447185
Facenet,15,1,1,True,0.1457147123301965
Facenet,16,1,1,True,0.2820480795995789
Facenet,17,1,1,True,0.2659859239674074
Facenet,18,1,1,True,0.13775095429963713
Facenet,19,1,1,True,0.18362129350066836
Facenet,20,1,1,True,0.1709243229427414
Facenet,21,1,1,True,0.1360665909250659
Facenet,22,1,1,True,0.34711408759882845
Facenet,23,1,1,True,0.23966659272773572
Facenet,24,1,1,True,0.07237493734129596
Facenet,25,1,1,True,0.15113077028741528
Facenet,26,0,1,False,0.8393850427670995
Facenet,27,0,1,False,0.7121671888799124
Facenet,28,0,1,False,0.42409865773138167
Facenet,29,1,1,True,0.3457411581479979
Facenet,30,1,1,True,0.33024320539867613
Facenet,31,1,1,True,0.34678875290280164
Facenet,32,1,1,True,0.34370944639536205
Facenet,33,1,1,True,0.09983978553437511
Facenet,34,1,1,True,0.32698973327288616
Facenet,35,0,1,False,0.4105669563011596
Facenet,36,1,1,True,0.24934718725799587
Facenet,37,1,1,True,0.36211869366678107
Facenet,38,1,1,True,0.27822566313816277
Facenet,39,0,1,False,0.5701338696072568
Facenet,40,0,1,False,0.624227574266607
Facenet,41,1,1,True,0.13363606537474904
Facenet,42,1,1,True,0.17178241128960114
Facenet,43,1,1,True,0.29401015990455526
Facenet,44,1,1,True,0.21964364239719003
Facenet,45,0,1,False,0.7966420438855725
Facenet,46,0,1,False,0.5278946637626487
Facenet,47,0,1,False,0.42526185348403234
Facenet,48,1,1,True,0.23856253174808295
Facenet,49,1,1,True,0.1460764894162625
Facenet,50,0,0,True,0.8581632520651221
Facenet,51,0,0,True,1.0885798348778515
Facenet,52,0,0,True,0.7248935061972932
Facenet,53,0,0,True,0.45251201965929044
Facenet,54,0,0,True,1.0853657428367443
Facenet,55,0,0,True,0.9200700256697021
Facenet,56,0,0,True,1.0501917004968484
Facenet,57,0,0,True,1.1310148028494802
Facenet,58,0,0,True,1.097825219012559
Facenet,59,0,0,True,1.0438929847551448
Facenet,60,0,0,True,0.6354264115694674
Facenet,61,0,0,True,0.8459590815882979
Facenet,62,0,0,True,1.032091772371985
Facenet,63,0,0,True,0.8906940674674401
Facenet,64,0,0,True,0.9334525832623263
Facenet,65,0,0,True,0.7080708690140989
Facenet,66,0,0,True,1.113391203946068
Facenet,67,0,0,True,0.8406073297176373
Facenet,68,0,0,True,0.5632737729258765
Facenet,69,0,0,True,0.8110568839384263
Facenet,70,0,0,True,0.6159508671588017
Facenet,71,0,0,True,0.8561791007292985
Facenet,72,0,0,True,0.981396879503231
Facenet,73,0,0,True,0.665028493954847
Facenet,74,0,0,True,1.0572829764754617
Facenet,75,0,0,True,0.6516072247473761
Facenet,76,0,0,True,1.067220694625087
Facenet,77,0,0,True,1.034357120838479
Facenet,78,0,0,True,0.7100128936424925
Facenet,79,0,0,True,0.895890797921256
Facenet,80,0,0,True,0.707986699103852
Facenet,81,0,0,True,0.8186267676042549
Facenet,82,0,0,True,0.8034827584178051
Facenet,83,0,0,True,0.5284879934089397
Facenet,84,0,0,True,0.9100288710354969
Facenet,85,0,0,True,0.9839600447975533
Facenet,86,0,0,True,0.879373514850621
Facenet,87,0,0,True,0.6578900894139706
Facenet,88,0,0,True,0.7642781724775296
Facenet,89,0,0,True,0.8539958298812855
Facenet,90,0,0,True,1.0697233672142383
Facenet,91,0,0,True,0.6880444049004372
Facenet,92,0,0,True,0.6394021234896075
Facenet,93,0,0,True,0.7793594770885888
Facenet,94,0,0,True,0.8981165638639904
Facenet,95,0,0,True,1.1038191569887186
Facenet,96,0,0,True,0.8585907878443144
Facenet,97,0,0,True,0.86813971865732
Facenet,98,0,0,True,0.8928925789032951
Facenet,99,0,0,True,0.9069038567889653
Facenet512,0,1,1,True,0.196811620751845
Facenet512,1,1,1,True,0.22670343970271467
Facenet512,2,0,1,False,0.34975029860576556
Facenet512,3,0,1,False,0.4806247628186887
Facenet512,4,1,1,True,0.0949181936684741
Facenet512,5,1,1,True,0.23321064698522864
Facenet512,6,1,1,True,0.21152028488998753
Facenet512,7,1,1,True,0.23579871968991162
Facenet512,8,1,1,True,0.23905520942862224
Facenet512,9,1,1,True,0.29611799090109736
Facenet512,10,1,1,True,0.2357676942689072
Facenet512,11,1,1,True,0.22556569995489606
Facenet512,12,1,1,True,0.14392190946765793
Facenet512,13,1,1,True,0.289834908451141
Facenet512,14,1,1,True,0.24206045517293084
Facenet512,15,1,1,True,0.2526406094613156
Facenet512,16,0,1,False,0.4032318728672464
Facenet512,17,0,1,False,0.3001460753734839
Facenet512,18,1,1,True,0.14837279405448467
Facenet512,19,1,1,True,0.23876170998606794
Facenet512,20,1,1,True,0.14309926373575244
Facenet512,21,1,1,True,0.12121417611093033
Facenet512,22,0,1,False,0.36325878309977466
Facenet512,23,0,1,False,0.3005219195557909
Facenet512,24,1,1,True,0.06402691160117524
Facenet512,25,1,1,True,0.16916757532720939
Facenet512,26,1,1,True,0.24795667782524045
Facenet512,27,1,1,True,0.24993826326430557
Facenet512,28,0,1,False,0.34172034702480725
Facenet512,29,0,1,False,0.304271117694508
Facenet512,30,1,1,True,0.2335993278780486
Facenet512,31,0,1,False,0.38448608496776104
Facenet512,32,0,1,False,0.3764719971263071
Facenet512,33,1,1,True,0.11997770806451669
Facenet512,34,0,1,False,0.3220643713914816
Facenet512,35,0,1,False,0.48078530760168037
Facenet512,36,1,1,True,0.25534482972642125
Facenet512,37,1,1,True,0.28681704938349917
Facenet512,38,1,1,True,0.263278318821653
Facenet512,39,0,1,False,0.43626257311469363
Facenet512,40,0,1,False,0.83331534034345
Facenet512,41,1,1,True,0.16157444320000025
Facenet512,42,1,1,True,0.14089026670013505
Facenet512,43,1,1,True,0.2197012475858291
Facenet512,44,0,1,False,0.3022938853842202
Facenet512,45,0,1,False,1.0785196202511431
Facenet512,46,1,1,True,0.2032010972357824
Facenet512,47,0,1,False,0.3151370784325933
Facenet512,48,1,1,True,0.27135170819183685
Facenet512,49,1,1,True,0.11715837707721821
Facenet512,50,0,0,True,1.0654503575143333
Facenet512,51,0,0,True,1.1352550897398446
Facenet512,52,0,0,True,0.7142572374387227
Facenet512,53,0,0,True,0.7083906209321684
Facenet512,54,0,0,True,1.278733100191005
Facenet512,55,0,0,True,0.9807654028806962
Facenet512,56,0,0,True,1.1697890447462373
Facenet512,57,0,0,True,1.1784628608917689
Facenet512,58,0,0,True,1.0240631310758899
Facenet512,59,0,0,True,0.9528976586092133
Facenet512,60,0,0,True,0.9368064294580446
Facenet512,61,0,0,True,1.0190934398617764
Facenet512,62,0,0,True,0.6661099909802508
Facenet512,63,0,0,True,1.026624169719247
Facenet512,64,0,0,True,0.8023170128851965
Facenet512,65,0,0,True,0.7680186489274898
Facenet512,66,0,0,True,1.1556954232119343
Facenet512,67,0,0,True,0.7476985264595688
Facenet512,68,0,0,True,0.7244361870096221
Facenet512,69,0,0,True,0.8351346475166449
Facenet512,70,0,0,True,0.8555083374743851
Facenet512,71,0,0,True,0.9018675088016221
Facenet512,72,0,0,True,0.977220072174804
Facenet512,73,0,0,True,0.7583190605087147
Facenet512,74,0,0,True,0.9111551693983433
Facenet512,75,0,0,True,0.648716310202933
Facenet512,76,0,0,True,1.0913978834111526
Facenet512,77,0,0,True,0.8576465755989966
Facenet512,78,0,0,True,0.8733106067739436
Facenet512,79,0,0,True,0.9003663075603496
Facenet512,80,0,0,True,0.8613060835016879
Facenet512,81,0,0,True,0.7726756661795006
Facenet512,82,0,0,True,0.7604343549361932
Facenet512,83,0,0,True,0.8120695795881964
Facenet512,84,0,0,True,0.9507052427260354
Facenet512,85,0,0,True,1.0270760251188338
Facenet512,86,0,0,True,0.8621019790634598
Facenet512,87,0,0,True,0.8177202877916402
Facenet512,88,0,0,True,0.7323986314590565
Facenet512,89,0,0,True,0.8740419292852205
Facenet512,90,0,0,True,0.9171756277206078
Facenet512,91,0,0,True,0.6732403890344709
Facenet512,92,0,0,True,0.5980414590067675
Facenet512,93,0,0,True,0.8051332700474914
Facenet512,94,0,0,True,1.0348294828522926
Facenet512,95,0,0,True,1.320737468961516
Facenet512,96,0,0,True,1.0854580627638146
Facenet512,97,0,0,True,0.800068999360193
Facenet512,98,0,0,True,1.0120021601473086
Facenet512,99,0,0,True,1.0278405072922954
DeepID,0,0,1,False,0.027430382273297638
DeepID,1,0,1,False,0.029870240900945366
DeepID,2,0,1,False,0.05463982810761181
DeepID,3,0,1,False,0.06143593200052555
DeepID,4,0,1,False,0.05025009836940453
DeepID,5,0,1,False,0.25065146087607737
DeepID,6,0,1,False,0.05699593657495672
DeepID,7,0,1,False,0.08377404346629069
DeepID,8,0,1,False,0.0663240802650027
DeepID,9,0,1,False,0.036990551852456144
DeepID,10,0,1,False,0.0998579955814689
DeepID,11,0,1,False,0.19645826372548714
DeepID,12,0,1,False,0.02500484126264335
DeepID,13,0,1,False,0.09064860347112413
DeepID,14,0,1,False,0.02157392707323358
DeepID,15,0,1,False,0.028523288706454264
DeepID,16,0,1,False,0.07935861575696856
DeepID,17,0,1,False,0.05604753665908446
DeepID,18,0,1,False,0.022806623197154652
DeepID,19,0,1,False,0.03137768298606247
DeepID,20,1,1,True,0.008958313412463448
DeepID,21,1,1,True,0.010028578547555345
DeepID,22,0,1,False,0.05259092410321131
DeepID,23,0,1,False,0.05548195249579513
DeepID,24,0,1,False,0.03767514391892879
DeepID,25,0,1,False,0.05297130258316329
DeepID,26,0,1,False,0.17542355214291505
DeepID,27,0,1,False,0.17364218899970618
DeepID,28,0,1,False,0.11506498870402948
DeepID,29,0,1,False,0.04380589519605427
DeepID,30,0,1,False,0.08565611861559885
DeepID,31,0,1,False,0.11207301244970713
DeepID,32,0,1,False,0.0668137192173438
DeepID,33,1,1,True,0.003908623258454091
DeepID,34,0,1,False,0.04084502168367243
DeepID,35,0,1,False,0.17945012100380087
DeepID,36,0,1,False,0.10206863288595991
DeepID,37,0,1,False,0.10537803763639941
DeepID,38,0,1,False,0.080834000732659
DeepID,39,0,1,False,0.04967016722561812
DeepID,40,0,1,False,0.12122366870178147
DeepID,41,0,1,False,0.08833697817888486
DeepID,42,0,1,False,0.14617233676083508
DeepID,43,0,1,False,0.040607390671265176
DeepID,44,0,1,False,0.028466884710259932
DeepID,45,0,1,False,0.08105782953763851
DeepID,46,0,1,False,0.09849539248509698
DeepID,47,0,1,False,0.06791020058103014
DeepID,48,0,1,False,0.038675808581260074
DeepID,49,0,1,False,0.02613492553758534
DeepID,50,0,0,True,0.0674905486891414
DeepID,51,0,0,True,0.10039911066660023
DeepID,52,0,0,True,0.06671631102375442
DeepID,53,0,0,True,0.04724951857789994
DeepID,54,0,0,True,0.12467373721748976
DeepID,55,0,0,True,0.07134925684530691
DeepID,56,0,0,True,0.05173458216596305
DeepID,57,0,0,True,0.05518442259053058
DeepID,58,0,0,True,0.10082464423637938
DeepID,59,0,0,True,0.04870160749258956
DeepID,60,0,0,True,0.10245247776951882
DeepID,61,0,0,True,0.09443176939832065
DeepID,62,0,0,True,0.19965969684619522
DeepID,63,0,0,True,0.026111086047492238
DeepID,64,0,0,True,0.08107071263768206
DeepID,65,0,0,True,0.10600013845882161
DeepID,66,0,0,True,0.05767064690568391
DeepID,67,0,0,True,0.09454926427792043
DeepID,68,0,0,True,0.02734766009881584
DeepID,69,0,0,True,0.02878975912471682
DeepID,70,0,0,True,0.04152972542049638
DeepID,71,0,0,True,0.09871240763348954
DeepID,72,0,0,True,0.14869332742061214
DeepID,73,0,0,True,0.05240859398635611
DeepID,74,0,0,True,0.024519756685903116
DeepID,75,0,0,True,0.03964314539400493
DeepID,76,0,0,True,0.1336611509937755
DeepID,77,0,0,True,0.0204533872916296
DeepID,78,0,0,True,0.05621122488860608
DeepID,79,0,0,True,0.07072683427486981
DeepID,80,0,0,True,0.031191195472561883
DeepID,81,0,0,True,0.07112665133248641
DeepID,82,0,0,True,0.03636157916337479
DeepID,83,0,0,True,0.03472272180452329
DeepID,84,0,0,True,0.03796161277696264
DeepID,85,0,0,True,0.04863885686873237
DeepID,86,0,0,True,0.10526666326831513
DeepID,87,0,0,True,0.036631487759562265
DeepID,88,0,0,True,0.153282705397511
DeepID,89,0,0,True,0.046083620741336206
DeepID,90,0,0,True,0.05580614614982182
DeepID,91,0,0,True,0.0605167640380716
DeepID,92,0,0,True,0.023947407967458534
DeepID,93,0,0,True,0.02806551005292457
DeepID,94,0,0,True,0.1564366843103665
DeepID,95,0,0,True,0.04539245719857865
DeepID,96,0,0,True,0.06884877305333681
DeepID,97,0,0,True,0.048322419224311686
DeepID,98,0,0,True,0.0508164140794265
DeepID,99,0,0,True,0.04032361116046668
ArcFace,0,1,1,True,0.3240578461832555
ArcFace,1,1,1,True,0.3249385564072984
ArcFace,2,1,1,True,0.4232185171865178
ArcFace,3,1,1,True,0.47208604685642164
ArcFace,4,1,1,True,0.17650548492436635
ArcFace,5,1,1,True,0.4742985196321996
ArcFace,6,1,1,True,0.6374911011696064
ArcFace,7,0,1,False,0.695748156086387
ArcFace,8,1,1,True,0.4533201354317523
ArcFace,9,1,1,True,0.4767139733805972
ArcFace,10,1,1,True,0.35146013304463053
ArcFace,11,1,1,True,0.4049171869621778
ArcFace,12,1,1,True,0.20964592620858324
ArcFace,13,1,1,True,0.49426949238588436
ArcFace,14,1,1,True,0.33063773301578736
ArcFace,15,1,1,True,0.3223538534553243
ArcFace,16,1,1,True,0.49743531307338984
ArcFace,17,1,1,True,0.31843131761176
ArcFace,18,1,1,True,0.25778389992080253
ArcFace,19,1,1,True,0.3196254829931019
ArcFace,20,1,1,True,0.2850732499458376
ArcFace,21,1,1,True,0.2506956678808562
ArcFace,22,1,1,True,0.02599989011611259
ArcFace,23,1,1,True,0.3412268529027629
ArcFace,24,1,1,True,0.16175055880441447
ArcFace,25,1,1,True,0.2392358702614218
ArcFace,26,0,1,False,0.9828355579043866
ArcFace,27,0,1,False,0.8243464354295412
ArcFace,28,1,1,True,0.629519387285117
ArcFace,29,1,1,True,0.4132884520909007
ArcFace,30,1,1,True,0.47561389838148416
ArcFace,31,1,1,True,0.45890501845773723
ArcFace,32,1,1,True,0.45472533249936387
ArcFace,33,1,1,True,0.11249436915487077
ArcFace,34,1,1,True,0.5673638287828171
ArcFace,35,1,1,True,0.48699851799373506
ArcFace,36,1,1,True,0.404593728905842
ArcFace,37,1,1,True,0.4449604764281989
ArcFace,38,1,1,True,0.49585020399707913
ArcFace,39,1,1,True,0.6018104648470817
ArcFace,40,0,1,False,0.7316542330269187
ArcFace,41,1,1,True,0.24820376954687828
ArcFace,42,1,1,True,0.41403392029835684
ArcFace,43,1,1,True,0.3116175776598301
ArcFace,44,1,1,True,0.4279654624892386
ArcFace,45,0,1,False,0.9915504858031944
ArcFace,46,1,1,True,0.48658924480641985
ArcFace,47,1,1,True,0.4132844331648522
ArcFace,48,1,1,True,0.39425031771188923
ArcFace,49,1,1,True,0.471811169682986
ArcFace,50,0,0,True,0.9408270773681532
ArcFace,51,0,0,True,0.9351365293653312
ArcFace,52,0,0,True,0.8969623598645167
ArcFace,53,0,0,True,0.8857804226926934
ArcFace,54,0,0,True,1.0247978738120735
ArcFace,55,0,0,True,0.9519500616500147
ArcFace,56,0,0,True,0.9711418017823982
ArcFace,57,0,0,True,0.9545745546510865
ArcFace,58,0,0,True,0.9833770871242408
ArcFace,59,0,0,True,0.881527284075798
ArcFace,60,0,0,True,0.875674948360981
ArcFace,61,0,0,True,0.9302873076822745
ArcFace,62,0,0,True,0.9547567682814592
ArcFace,63,0,0,True,0.8999527714785855
ArcFace,64,0,0,True,0.8761944973305524
ArcFace,65,0,0,True,0.9692300040931916
ArcFace,66,0,0,True,0.9762524974404361
ArcFace,67,0,0,True,0.9560865544393143
ArcFace,68,0,0,True,0.862748782070463
ArcFace,69,0,0,True,0.9934877498910576
ArcFace,70,0,0,True,0.947820468599953
ArcFace,71,0,0,True,0.9058163520115694
ArcFace,72,0,0,True,0.925957234812615
ArcFace,73,0,0,True,0.708235135680853
ArcFace,74,0,0,True,1.008334012689308
ArcFace,75,0,0,True,0.7992833327563457
ArcFace,76,0,0,True,0.8230050266719089
ArcFace,77,0,0,True,0.8232336188862517
ArcFace,78,0,0,True,0.868215920420047
ArcFace,79,0,0,True,1.0007411083175024
ArcFace,80,0,0,True,0.876253796809282
ArcFace,81,0,0,True,0.7641196668308498
ArcFace,82,0,0,True,0.8651527683271953
ArcFace,83,0,0,True,0.8067705648419634
ArcFace,84,0,0,True,0.8850345521452221
ArcFace,85,0,0,True,0.8218120200890149
ArcFace,86,0,0,True,0.9255671246496179
ArcFace,87,0,0,True,0.9494168498637754
ArcFace,88,0,0,True,0.9297448729983095
ArcFace,89,0,0,True,0.8823432147342007
ArcFace,90,0,0,True,0.90488004131847
ArcFace,91,0,0,True,0.7257995328922989
ArcFace,92,0,0,True,0.9153197608516868
ArcFace,93,0,0,True,0.7127752837325947
ArcFace,94,0,0,True,0.9521214221702895
ArcFace,95,0,0,True,0.9073078355884338
ArcFace,96,0,0,True,1.0332302134778102
ArcFace,97,0,0,True,0.970152236779146
ArcFace,98,0,0,True,1.0229200211555778
ArcFace,99,0,0,True,1.0244840664795392
SFace,0,1,1,True,0.19848876732302712
SFace,1,1,1,True,0.412420877131369
SFace,2,1,1,True,0.4648331704115689
SFace,3,1,1,True,0.4439418564237243
SFace,4,1,1,True,0.30817534722454243
SFace,5,1,1,True,0.5738911021094386
SFace,6,1,1,True,0.5906082285872772
SFace,7,1,1,True,0.5535659094901599
SFace,8,1,1,True,0.4367346975182961
SFace,9,1,1,True,0.5039435865627946
SFace,10,1,1,True,0.4773922257827221
SFace,11,1,1,True,0.4940340702381816
SFace,12,1,1,True,0.33010776397709807
SFace,13,1,1,True,0.5258550245077749
SFace,14,1,1,True,0.4392241895481134
SFace,15,1,1,True,0.43442660278833267
SFace,16,1,1,True,0.4196906375774183
SFace,17,1,1,True,0.2820278824814594
SFace,18,1,1,True,0.2588174655765555
SFace,19,1,1,True,0.3930455508377899
SFace,20,1,1,True,0.20745308775759808
SFace,21,1,1,True,0.17020179503153
SFace,22,1,1,True,0.3875795861610073
SFace,23,1,1,True,0.29038096784989686
SFace,24,1,1,True,0.13648277850357227
SFace,25,1,1,True,0.2979824902883068
SFace,26,0,1,False,0.9657339333167161
SFace,27,0,1,False,0.8045400491466813
SFace,28,1,1,True,0.4736899749340283
SFace,29,1,1,True,0.3320382194639895
SFace,30,1,1,True,0.36150026581801287
SFace,31,1,1,True,0.4077743562048851
SFace,32,1,1,True,0.2933235093476386
SFace,33,1,1,True,0.14994014432415703
SFace,34,1,1,True,0.5059420147477354
SFace,35,1,1,True,0.3102720637084515
SFace,36,1,1,True,0.3674758328375479
SFace,37,1,1,True,0.40339906208054366
SFace,38,1,1,True,0.49080836598403355
SFace,39,1,1,True,0.42000783636377415
SFace,40,0,1,False,0.9525447514108506
SFace,41,1,1,True,0.35566650141545575
SFace,42,1,1,True,0.34804084081818265
SFace,43,1,1,True,0.366159441580415
SFace,44,1,1,True,0.42841295478701036
SFace,45,0,1,False,0.9372318810502565
SFace,46,0,1,False,0.6446887191780462
SFace,47,1,1,True,0.3808556507054076
SFace,48,0,1,False,0.6319246917140741
SFace,49,1,1,True,0.38642383335786656
SFace,50,0,0,True,0.8665739805800868
SFace,51,0,0,True,0.8586909440730107
SFace,52,1,0,False,0.5371875304974887
SFace,53,0,0,True,0.8336777933696187
SFace,54,0,0,True,0.9773557612392982
SFace,55,0,0,True,0.908003234835624
SFace,56,0,0,True,1.0244743575905773
SFace,57,0,0,True,0.9602849635187861
SFace,58,0,0,True,0.9235556426860247
SFace,59,0,0,True,0.8440113186932612
SFace,60,0,0,True,1.0001909824224051
SFace,61,0,0,True,0.8675462693937946
SFace,62,0,0,True,0.9416022257633675
SFace,63,0,0,True,0.9007741336013246
SFace,64,0,0,True,0.8229383766969299
SFace,65,0,0,True,0.9433455978430768
SFace,66,0,0,True,0.9142318905365632
SFace,67,0,0,True,0.7944880528382745
SFace,68,0,0,True,0.9132575632756958
SFace,69,0,0,True,0.9203838470301651
SFace,70,0,0,True,0.9451834257549331
SFace,71,0,0,True,0.8389981424377911
SFace,72,0,0,True,0.8292868966654795
SFace,73,0,0,True,0.9591429994484614
SFace,74,0,0,True,0.964973006353842
SFace,75,0,0,True,0.8937672401554897
SFace,76,0,0,True,0.8236338252854278
SFace,77,0,0,True,0.7816433454304925
SFace,78,0,0,True,1.020785389506842
SFace,79,0,0,True,0.871926683135172
SFace,80,1,0,False,0.4989483375246392
SFace,81,0,0,True,0.9560732418447773
SFace,82,0,0,True,0.9389906866382163
SFace,83,0,0,True,0.7137342794409679
SFace,84,0,0,True,0.829119919681341
SFace,85,0,0,True,0.9151598159965169
SFace,86,0,0,True,0.8845756848924692
SFace,87,0,0,True,0.8658688176812592
SFace,88,0,0,True,0.83633287998202
SFace,89,0,0,True,0.8117923977810941
SFace,90,0,0,True,0.856098874191738
SFace,91,0,0,True,0.9156119020521898
SFace,92,0,0,True,0.8792602483665407
SFace,93,0,0,True,0.919545156424954
SFace,94,0,0,True,0.7961673883501832
SFace,95,0,0,True,0.7568928428906139
SFace,96,0,0,True,0.8837868558013258
SFace,97,0,0,True,0.7926409327024223
SFace,98,0,0,True,0.8858688709939435
SFace,99,0,0,True,0.8925027051430776
GhostFaceNet,0,1,1,True,0.26601376732933524
GhostFaceNet,1,1,1,True,0.41154245407776724
GhostFaceNet,2,1,1,True,0.6118523222263279
GhostFaceNet,3,1,1,True,0.48543873793733405
GhostFaceNet,4,1,1,True,0.2625903680666558
GhostFaceNet,5,1,1,True,0.4077797052706703
GhostFaceNet,6,1,1,True,0.6057956551625499
GhostFaceNet,7,1,1,True,0.5992396237351606
GhostFaceNet,8,1,1,True,0.5101012251729133
GhostFaceNet,9,1,1,True,0.4142606107252518
GhostFaceNet,10,1,1,True,0.4143083506235732
GhostFaceNet,11,1,1,True,0.47319435914130503
GhostFaceNet,12,1,1,True,0.39245712841941316
GhostFaceNet,13,1,1,True,0.5465422263085205
GhostFaceNet,14,1,1,True,0.6212508272981674
GhostFaceNet,15,1,1,True,0.5302995103053718
GhostFaceNet,16,1,1,True,0.5820830630927589
GhostFaceNet,17,1,1,True,0.44792123422439545
GhostFaceNet,18,1,1,True,0.27793027814391313
GhostFaceNet,19,1,1,True,0.3135877163587959
GhostFaceNet,20,1,1,True,0.2736618963747196
GhostFaceNet,21,1,1,True,0.32537524404504103
GhostFaceNet,22,1,1,True,0.5007344358309077
GhostFaceNet,23,1,1,True,0.37721363172896194
GhostFaceNet,24,1,1,True,0.21996606044637557
GhostFaceNet,25,1,1,True,0.36113703634450733
GhostFaceNet,26,0,1,False,0.8787657082957878
GhostFaceNet,27,0,1,False,0.9278693764451057
GhostFaceNet,28,0,1,False,0.8090897278045055
GhostFaceNet,29,1,1,True,0.399496765187083
GhostFaceNet,30,1,1,True,0.427111170774073
GhostFaceNet,31,1,1,True,0.5148862074347877
GhostFaceNet,32,1,1,True,0.44361945563913907
GhostFaceNet,33,1,1,True,0.16935127560294172
GhostFaceNet,34,1,1,True,0.4831406730198772
GhostFaceNet,35,1,1,True,0.5740191632213725
GhostFaceNet,36,1,1,True,0.37448351259988155
GhostFaceNet,37,1,1,True,0.4081469336819995
GhostFaceNet,38,1,1,True,0.4542890460698489
GhostFaceNet,39,1,1,True,0.5545528634001291
GhostFaceNet,40,0,1,False,0.945002693295919
GhostFaceNet,41,1,1,True,0.2504498946670489
GhostFaceNet,42,1,1,True,0.36908823348730624
GhostFaceNet,43,1,1,True,0.5169555495314193
GhostFaceNet,44,1,1,True,0.3276649541688922
GhostFaceNet,45,0,1,False,1.0078123095484213
GhostFaceNet,46,0,1,False,0.7267116708322614
GhostFaceNet,47,1,1,True,0.46107536798098747
GhostFaceNet,48,1,1,True,0.4691558092662591
GhostFaceNet,49,1,1,True,0.5704863248863506
GhostFaceNet,50,0,0,True,0.8788837587817189
GhostFaceNet,51,0,0,True,1.0395755669870523
GhostFaceNet,52,0,0,True,0.8514153662775588
GhostFaceNet,53,0,0,True,0.909094549918479
GhostFaceNet,54,0,0,True,0.9914295626968468
GhostFaceNet,55,0,0,True,0.9097856070248735
GhostFaceNet,56,0,0,True,1.0483696555938047
GhostFaceNet,57,0,0,True,1.0475734756871178
GhostFaceNet,58,0,0,True,1.0208114501475134
GhostFaceNet,59,0,0,True,1.026047191062527
GhostFaceNet,60,0,0,True,1.0197082626112903
GhostFaceNet,61,0,0,True,1.0424720047501028
GhostFaceNet,62,0,0,True,1.0293838234681378
GhostFaceNet,63,0,0,True,1.0959066109730458
GhostFaceNet,64,0,0,True,0.8839854081614921
GhostFaceNet,65,0,0,True,0.9531451866247915
GhostFaceNet,66,0,0,True,1.1359795604661287
GhostFaceNet,67,0,0,True,0.8783173334356531
GhostFaceNet,68,0,0,True,1.0509936447884107
GhostFaceNet,69,0,0,True,0.9493942926040057
GhostFaceNet,70,0,0,True,1.036103378578754
GhostFaceNet,71,0,0,True,0.8955013546857604
GhostFaceNet,72,0,0,True,1.0156098157560538
GhostFaceNet,73,0,0,True,0.8098948731343208
GhostFaceNet,74,0,0,True,0.8866194544774669
GhostFaceNet,75,0,0,True,0.8191407226135778
GhostFaceNet,76,0,0,True,0.9325449322015685
GhostFaceNet,77,0,0,True,0.9089348835240378
GhostFaceNet,78,0,0,True,0.9284233616939036
GhostFaceNet,79,0,0,True,0.9158864914529835
GhostFaceNet,80,0,0,True,0.7140478625006617
GhostFaceNet,81,0,0,True,1.04622669634235
GhostFaceNet,82,0,0,True,1.0279005020841243
GhostFaceNet,83,0,0,True,0.8764196375614863
GhostFaceNet,84,0,0,True,0.8810885484274251
GhostFaceNet,85,0,0,True,0.9159162270590815
GhostFaceNet,86,0,0,True,0.9938811003005713
GhostFaceNet,87,0,0,True,1.006981876096288
GhostFaceNet,88,0,0,True,1.0927798853893993
GhostFaceNet,89,0,0,True,0.8830824288144428
GhostFaceNet,90,0,0,True,0.9586144060831758
GhostFaceNet,91,0,0,True,0.9983309300338151
GhostFaceNet,92,0,0,True,0.9821814525437883
GhostFaceNet,93,0,0,True,1.07969153257476
GhostFaceNet,94,0,0,True,0.8439236103516223
GhostFaceNet,95,0,0,True,0.9066168776129768
GhostFaceNet,96,0,0,True,0.9996302625654835
GhostFaceNet,97,0,0,True,1.0213035902529566
GhostFaceNet,98,0,0,True,1.1423906584312673
GhostFaceNet,99,0,0,True,1.0528546844715907
